identifier,date,activities_calories,activities_caloriesbmr,activities_steps,activities_distance,activities_minutessedentary,activities_minuteslightlyactive,activities_minutesfairlyactive,activities_minutesveryactive,activities_activitycalories
P0001T,2021-08-26T00:00:00.000Z,2158,1314,13927,5.942253487,1167,180,69,24,1071
P0001T,2021-08-30T00:00:00.000Z,2017,1460,6513,2.845028781,1229,200,7,4,727
P0001T,2021-09-28T00:00:00.000Z,1500,1319,2284,0.967897478,1366,74,0,0,220
P0001T,2021-11-09T00:00:00.000Z,2079,1318,13503,5.610727102,1202,141,44,53,946
P0001T,2021-11-24T00:00:00.000Z,1328,1317,90,0.037524606,1437,3,0,0,10
P0001T,2021-12-10T00:00:00.000Z,2060,1840,973,0.399634882,1397,43,0,0,228
P0001T,2021-12-26T00:00:00.000Z,1855,1839,79,0.032398294,1435,5,0,0,19
P0001T,2022-01-01T00:00:00.000Z,2170,1839,1244,0.510170603,1358,82,0,0,356
P0001T,2022-01-07T00:00:00.000Z,3219,1839,10926,4.439386481,1099,307,22,12,1687
P0001T,2022-01-20T00:00:00.000Z,1849,1839,28,0.01148294,1436,4,0,0,13
P0001T,2022-01-26T00:00:00.000Z,2347,1839,2415,0.990403543,1306,134,0,0,564
P0001T,2022-01-28T00:00:00.000Z,2161,1839,2136,0.875984252,1345,95,0,0,394
P0001T,2022-02-06T00:00:00.000Z,2309,1839,3378,1.279527559,1320,120,0,0,575
P0001T,2022-02-25T00:00:00.000Z,2576,1839,3108,1.274606299,1255,153,32,0,857
P0001T,2022-05-04T00:00:00.000Z,2392,1834,3579,1.467765747,1247,193,0,0,730
P0001T,2022-05-05T00:00:00.000Z,2310,1834,2853,1.131069553,1287,153,0,0,594
P0001T,2022-05-06T00:00:00.000Z,2271,1834,3861,1.54199475,1300,123,11,6,572
P0001T,2022-05-07T00:00:00.000Z,2140,1834,2440,1.000656168,1357,70,13,0,392
P0001T,2022-05-08T00:00:00.000Z,2220,1834,2891,1.185613517,1311,129,0,0,511
P0001T,2022-05-10T00:00:00.000Z,2305,1834,2773,1.094980315,1273,167,0,0,621
P0001T,2022-05-12T00:00:00.000Z,2442,1834,3280,1.316026902,1258,182,0,0,719
P0001T,2022-05-15T00:00:00.000Z,2441,1834,1961,0.665600393,1325,53,33,29,718
P0001T,2022-05-16T00:00:00.000Z,2730,1834,4872,1.963172571,1200,240,0,0,1019
P0001T,2022-05-17T00:00:00.000Z,2818,1834,7050,2.891240156,1159,273,6,2,1194
P0001T,2022-05-18T00:00:00.000Z,2538,1834,4092,1.678149606,1228,212,0,0,856
P0001T,2022-05-19T00:00:00.000Z,2327,1834,2724,1.117125984,1296,144,0,0,590
P0001T,2022-05-20T00:00:00.000Z,2262,1834,2409,0.987942913,1324,116,0,0,500
P0001T,2022-05-21T00:00:00.000Z,2520,1834,3275,1.343093832,1273,167,0,0,790
P0001T,2022-05-22T00:00:00.000Z,2763,1834,5787,2.371227033,1159,281,0,0,1147
P0001T,2022-05-23T00:00:00.000Z,2659,1834,5843,2.329396325,1175,265,0,0,1067
P0001T,2022-05-24T00:00:00.000Z,2645,1834,4080,1.673228346,1214,226,0,0,942
P0001T,2022-05-25T00:00:00.000Z,2825,1834,7022,2.875656167,1147,293,0,0,1211
P0001T,2022-05-26T00:00:00.000Z,2275,1834,3282,1.345964566,1294,146,0,0,575
P0001T,2022-05-28T00:00:00.000Z,2169,1834,1167,0.443733596,1359,81,0,0,369
P0001T,2022-05-30T00:00:00.000Z,1963,1834,779,0.319471785,1405,35,0,0,143
P0001T,2022-05-31T00:00:00.000Z,2199,1834,1768,0.725065617,1339,101,0,0,438
P0001T,2022-06-04T00:00:00.000Z,2218,1834,1523,0.624589895,1358,82,0,0,386
P0001T,2022-06-09T00:00:00.000Z,1868,1834,184,0.075459318,1431,9,0,0,36
P0001T,2022-06-10T00:00:00.000Z,2537,1834,3190,1.308234908,1275,143,19,3,812
P0001T,2022-06-14T00:00:00.000Z,2182,1834,1883,0.77222769,1330,110,0,0,437
P0001T,2022-06-15T00:00:00.000Z,2781,1834,5934,2.433562991,1148,292,0,0,1188
P0001T,2022-06-16T00:00:00.000Z,2933,1834,6100,2.365075458,1178,210,33,19,1303
P0001T,2022-06-17T00:00:00.000Z,2682,1834,3291,1.349655511,1225,215,0,0,930
P0001T,2022-06-18T00:00:00.000Z,2928,1834,5984,2.454068241,1160,280,0,0,1245
P0001T,2022-06-19T00:00:00.000Z,2530,1834,3807,1.561269684,1236,204,0,0,832
P0001T,2022-06-26T00:00:00.000Z,1838,1834,11,0.004511155,1438,2,0,0,6
P0001T,2022-06-28T00:00:00.000Z,2488,1834,3765,1.544045275,1264,176,0,0,773
P0001T,2022-06-29T00:00:00.000Z,2061,1834,1189,0.487614829,1369,71,0,0,274
P0001T,2022-07-02T00:00:00.000Z,2271,1834,1892,0.775918635,1340,100,0,0,492
P0001T,2022-07-16T00:00:00.000Z,1864,1834,112,0.043061024,1433,7,0,0,29
P0001T,2022-07-18T00:00:00.000Z,1836,1834,15,0.006151575,1439,1,0,0,4
P0001T,2022-07-20T00:00:00.000Z,2329,1834,2729,1.119176509,1285,155,0,0,606
P0001T,2022-07-26T00:00:00.000Z,1836,1834,25,0.010252625,1439,1,0,0,3
P0001T,2022-08-03T00:00:00.000Z,2470,1834,4031,1.653133201,1227,213,0,0,825
P0001T,2022-08-04T00:00:00.000Z,2815,1834,5110,2.071440288,1163,277,0,0,1147
P0001T,2022-08-05T00:00:00.000Z,2661,1834,5303,2.145426956,1223,217,0,0,990
P0001T,2022-08-06T00:00:00.000Z,2724,1834,5819,2.386400918,1156,284,0,0,1142
P0001T,2022-08-07T00:00:00.000Z,1896,1834,403,0.16527231,1421,19,0,0,75
P0001T,2022-08-17T00:00:00.000Z,2941,1834,7384,3.028215222,1101,339,0,0,1405
P0001T,2022-08-23T00:00:00.000Z,2578,1834,4625,1.895915354,1209,231,0,0,901
P0001T,2022-08-25T00:00:00.000Z,1844,1834,74,0.030347769,1437,3,0,0,13
P0001T,2022-09-03T00:00:00.000Z,2117,1834,1108,0.454396325,1360,80,0,0,321
P0001T,2022-09-07T00:00:00.000Z,2508,1834,4122,1.683070865,1209,231,0,0,861
P0001T,2022-09-28T00:00:00.000Z,2471,1834,3322,1.362368766,1264,176,0,0,733
P0001T,2022-09-29T00:00:00.000Z,2633,1834,5024,2.049294619,1175,265,0,0,1026
P0001T,2022-09-30T00:00:00.000Z,1837,1834,9,0.003690945,1439,1,0,0,3
P0001T,2022-10-01T00:00:00.000Z,2554,1834,3902,1.600229658,1271,134,27,8,851
P0001T,2022-10-08T00:00:00.000Z,2255,1834,2570,1.053969816,1320,120,0,0,523
P0001T,2022-10-15T00:00:00.000Z,2352,1834,2901,1.189714566,1279,161,0,0,645
P0001T,2022-10-21T00:00:00.000Z,2385,1834,3086,1.265583989,1284,156,0,0,643
P0001T,2022-10-29T00:00:00.000Z,3159,1834,11600,4.749835956,1185,220,8,27,1505
P0001T,2022-10-30T00:00:00.000Z,2007,1834,1140,0.467519685,1380,60,0,0,227
P0001T,2022-10-31T00:00:00.000Z,2030,1834,780,0.31988189,1394,46,0,0,220
P0001T,2022-11-09T00:00:00.000Z,1969,1834,707,0.289944226,1403,37,0,0,161
P0001T,2022-11-15T00:00:00.000Z,1975,1834,926,0.379757218,1394,46,0,0,180
P0001T,2022-11-18T00:00:00.000Z,1836,1834,7,0.002870735,1439,1,0,0,3
P0001T,2022-11-22T00:00:00.000Z,2030,1834,1355,0.555692257,1378,62,0,0,249
P0002T,2021-09-28T00:00:00.000Z,1500,1319,2284,0.967897478,1366,74,0,0,220
P0002T,2021-11-09T00:00:00.000Z,2079,1318,13503,5.610727102,1202,141,44,53,946
P0002T,2021-11-24T00:00:00.000Z,1328,1317,90,0.037524606,1437,3,0,0,10
P0002T,2022-01-26T00:00:00.000Z,1778,1286,4077,1.70890748,1234,206,0,0,605
P0002T,2022-01-27T00:00:00.000Z,1609,1286,2835,1.219677085,1278,162,0,0,417
P0002T,2022-02-03T00:00:00.000Z,1726,1286,2840,1.22172761,1246,194,0,0,511
P0002T,2022-02-08T00:00:00.000Z,1290,1286,38,0.016342062,1438,2,0,0,5
P0003T,2021-11-09T00:00:00.000Z,2079,1318,13503,5.610727102,1202,141,44,53,946
P0003T,2021-11-24T00:00:00.000Z,1328,1317,90,0.037524606,1437,3,0,0,10
P0003T,2021-12-15T00:00:00.000Z,1553,1348,1566,0.632493736,1343,97,0,0,257
P0003T,2021-12-21T00:00:00.000Z,1494,1348,1113,0.449530989,1373,67,0,0,182
P0003T,2022-01-02T00:00:00.000Z,1703,1348,3299,1.281143124,1280,160,0,0,443
P0003T,2022-01-07T00:00:00.000Z,1631,1348,1903,0.768605096,1324,116,0,0,332
P0003T,2022-01-15T00:00:00.000Z,1632,1348,2813,1.136146156,1314,126,0,0,365
P0003T,2022-01-20T00:00:00.000Z,1460,1348,1020,0.4119691,1387,53,0,0,149
P0003T,2022-01-27T00:00:00.000Z,1686,1348,3204,1.294067644,1299,141,0,0,409
P0003T,2022-02-08T00:00:00.000Z,2157,1348,4801,1.858707647,1177,217,34,12,986
P0003T,2022-02-22T00:00:00.000Z,1852,1348,5354,2.162433885,1193,247,0,0,684
P0003T,2022-02-28T00:00:00.000Z,1784,1348,3848,1.554173625,1241,199,0,0,551
P0003T,2022-05-12T00:00:00.000Z,1695,1343,1954,0.789203551,1304,136,0,0,403
P0003T,2022-05-19T00:00:00.000Z,1442,1343,877,0.354212648,1389,51,0,0,134
P0003T,2022-06-01T00:00:00.000Z,1393,1343,282,0.113897339,1419,21,0,0,59
P0003T,2022-06-12T00:00:00.000Z,1913,1343,4772,1.925511263,1189,251,0,0,733
P0003T,2022-06-24T00:00:00.000Z,1606,1343,1806,0.728812485,1331,109,0,0,299
P0003T,2022-07-18T00:00:00.000Z,1606,1343,2022,0.815959794,1303,137,0,0,353
P0003T,2022-07-28T00:00:00.000Z,1472,1343,765,0.308715849,1386,54,0,0,147
P0003T,2022-07-29T00:00:00.000Z,1488,1343,1344,0.542314135,1371,69,0,0,190
P0003T,2022-08-01T00:00:00.000Z,1790,1343,4151,1.675011681,1205,235,0,0,623
P0003T,2022-08-14T00:00:00.000Z,1576,1343,2044,0.824727342,1328,112,0,0,314
P0004T,2021-11-09T00:00:00.000Z,2079,1318,13503,5.610727102,1202,141,44,53,946
P0004T,2021-11-24T00:00:00.000Z,1328,1317,90,0.037524606,1437,3,0,0,10
P0004T,2021-12-21T00:00:00.000Z,2774,1748,9333,3.939835111,1123,317,0,0,1312
P0004T,2021-12-28T00:00:00.000Z,2450,1748,6263,2.630369889,1255,185,0,0,822
P0004T,2021-12-30T00:00:00.000Z,2084,1748,2762,1.170464487,1326,114,0,0,427
P0004T,2022-01-03T00:00:00.000Z,2221,1748,2436,0.996294142,1292,148,0,0,544
P0004T,2022-01-11T00:00:00.000Z,2677,1590,11584,4.84289872,1071,369,0,0,1402
P0004T,2022-01-12T00:00:00.000Z,1591,1590,5,0.002118876,1439,1,0,0,3
P0004T,2022-01-15T00:00:00.000Z,1621,1590,301,0.127555078,1426,14,0,0,47
P0004T,2022-02-02T00:00:00.000Z,1603,1585,118,0.05000174,1432,8,0,0,26
P0005T,2021-11-09T00:00:00.000Z,2079,1318,13503,5.610727102,1202,141,44,53,946
P0005T,2021-11-24T00:00:00.000Z,1328,1317,90,0.037524606,1437,3,0,0,10
P0005T,2021-12-10T00:00:00.000Z,1825,1521,1775,0.716907013,1346,86,8,0,363
P0005T,2021-12-17T00:00:00.000Z,2518,1521,9805,3.960153949,1054,386,0,0,1315
P0005T,2022-01-11T00:00:00.000Z,1610,1521,783,0.316246868,1405,35,0,0,112
P0005T,2022-01-20T00:00:00.000Z,1957,1521,4392,1.781707329,1280,160,0,0,563
P0005T,2022-01-27T00:00:00.000Z,2052,1521,4321,1.745214198,1250,190,0,0,644
P0005T,2022-01-28T00:00:00.000Z,1973,1521,4205,1.698362811,1266,174,0,0,577
P0005T,2022-01-29T00:00:00.000Z,2526,1521,9739,3.933497125,1033,407,0,0,1382
P0005T,2022-01-30T00:00:00.000Z,2339,1521,7282,2.941136263,1144,273,14,9,1057
P0005T,2022-01-31T00:00:00.000Z,2004,1521,4508,1.820741867,1245,195,0,0,641
P0005T,2022-02-02T00:00:00.000Z,2035,1521,5186,2.094580151,1232,208,0,0,690
P0005T,2022-02-03T00:00:00.000Z,2053,1521,4184,1.689881094,1242,189,8,1,667
P0005T,2022-02-09T00:00:00.000Z,2064,1521,4102,1.656762009,1244,196,0,0,691
P0005T,2022-02-17T00:00:00.000Z,1875,1521,2853,1.152301807,1303,137,0,0,449
P0005T,2022-06-01T00:00:00.000Z,2121,1521,5245,2.10775322,1196,244,0,0,781
P0005T,2022-06-03T00:00:00.000Z,2291,1521,7753,3.127957726,1136,304,0,0,1034
P0005T,2022-06-17T00:00:00.000Z,2399,1521,7420,2.993517855,1169,238,30,3,1095
P0005T,2022-06-20T00:00:00.000Z,1529,1521,38,0.015329227,1437,3,0,0,9
P0005T,2022-06-21T00:00:00.000Z,2066,1521,3461,1.371391076,1267,160,7,6,634
P0005T,2022-06-26T00:00:00.000Z,3261,1521,6854,2.601488556,1012,271,96,61,2126
P0005T,2022-06-27T00:00:00.000Z,1956,1521,3439,1.38743488,1293,147,0,0,527
P0005T,2022-06-29T00:00:00.000Z,2112,1521,4694,1.894038813,1214,226,0,0,753
P0005T,2022-07-04T00:00:00.000Z,3841,1521,12990,5.219225968,934,185,186,135,2768
P0005T,2022-07-11T00:00:00.000Z,2267,1521,5778,2.330980821,1200,222,18,0,924
P0005T,2022-07-15T00:00:00.000Z,1550,1521,198,0.079926976,1430,10,0,0,33
P0005T,2022-08-07T00:00:00.000Z,1521,1521,198,0.079926976,1440,0,0,0,0
P0005T,2022-08-16T00:00:00.000Z,3894,1521,13681,5.483004253,828,393,143,76,2921
P0005T,2022-08-20T00:00:00.000Z,2649,1521,10903,4.398357341,1052,365,11,12,1462
P0005T,2022-08-27T00:00:00.000Z,2389,1521,7524,3.035329922,1184,223,26,7,1025
P0005T,2022-09-10T00:00:00.000Z,2316,1521,6308,2.544962418,1164,276,0,0,970
P0005T,2022-09-25T00:00:00.000Z,2441,1521,6103,2.46205286,1130,301,9,0,1146
P0005T,2022-09-26T00:00:00.000Z,3341,1521,19077,7.693687611,943,338,99,60,2269
P0005T,2022-09-30T00:00:00.000Z,3030,1521,14808,5.972638539,947,457,20,16,1940
P0005T,2022-10-03T00:00:00.000Z,1544,1521,134,0.054065507,1430,10,0,0,28
P0005T,2022-10-09T00:00:00.000Z,1858,1521,2582,1.041747445,1323,117,0,0,430
P0005T,2022-10-17T00:00:00.000Z,2954,1521,11700,4.719929361,1008,383,24,25,1806
P0005T,2022-10-26T00:00:00.000Z,3494,1521,19906,8.012941916,882,398,97,63,2503
P0005T,2022-10-27T00:00:00.000Z,2962,1521,15167,6.118505426,959,447,23,11,1890
P0005T,2022-10-30T00:00:00.000Z,2221,1521,7067,2.837584754,1189,251,0,0,903
P0005T,2022-11-03T00:00:00.000Z,2883,1521,13645,5.504603116,1002,427,10,1,1745
P0005T,2022-11-26T00:00:00.000Z,2155,1517,5321,2.139847042,1239,192,6,3,747
P0006T,2021-11-09T00:00:00.000Z,2079,1318,13503,5.610727102,1202,141,44,53,946
P0006T,2021-11-24T00:00:00.000Z,1328,1317,90,0.037524606,1437,3,0,0,10
P0006T,2021-12-13T00:00:00.000Z,2332,1116,11942,4.492718771,997,260,112,71,1497
P0006T,2022-01-18T00:00:00.000Z,1139,1116,205,0.077317217,1428,12,0,0,29
P0006T,2022-01-31T00:00:00.000Z,1166,1116,358,0.13502396,1416,24,0,0,64
P0006T,2022-02-03T00:00:00.000Z,1264,1116,1539,0.580466326,1362,78,0,0,198
P0007T,2021-11-09T00:00:00.000Z,2079,1318,13503,5.610727102,1202,141,44,53,946
P0007T,2021-11-24T00:00:00.000Z,1328,1317,90,0.037524606,1437,3,0,0,10
P0007T,2021-12-07T00:00:00.000Z,1491,1423,1184,0.716155154,1428,2,2,8,80
P0007T,2021-12-08T00:00:00.000Z,1428,1423,35,0.015745546,1437,3,0,0,8
P0007T,2022-01-05T00:00:00.000Z,1876,1423,2254,0.866949515,1299,130,11,0,525
P0007T,2022-01-09T00:00:00.000Z,1477,1423,368,0.141542144,1421,19,0,0,64
P0007T,2022-01-15T00:00:00.000Z,2966,1423,9150,3.500121787,986,326,97,31,1855
P0007T,2022-01-16T00:00:00.000Z,2564,1423,7566,2.909713522,1115,262,49,14,1337
P0007T,2022-01-18T00:00:00.000Z,1730,1423,1982,0.762329247,1337,103,0,0,371
P0007T,2022-01-25T00:00:00.000Z,1478,1423,492,0.189232383,1416,24,0,0,76
P0007T,2022-01-26T00:00:00.000Z,1550,1423,1639,0.630405929,1382,58,0,0,182
P0007T,2022-02-01T00:00:00.000Z,3338,1423,9428,3.626278781,911,319,142,68,2351
P0007T,2022-02-02T00:00:00.000Z,2722,1423,11989,4.611313676,1011,337,69,23,1635
P0007T,2022-02-08T00:00:00.000Z,1631,1423,2024,0.778484898,1343,97,0,0,283
P0007T,2022-07-22T00:00:00.000Z,2190,1423,3698,1.422355941,1187,253,0,0,943
P0007T,2022-07-23T00:00:00.000Z,1632,1423,2540,0.93925848,1361,79,0,0,267
P0007T,2022-07-24T00:00:00.000Z,1881,1423,5487,2.105068897,1270,170,0,0,561
P0007T,2022-07-25T00:00:00.000Z,2206,1423,8583,3.301264365,945,257,13,11,999
P0007T,2022-07-26T00:00:00.000Z,1955,1423,4603,1.770441869,1176,195,12,0,683
P0007T,2022-07-27T00:00:00.000Z,1430,1423,95,0.036536626,1437,3,0,0,9
P0007T,2022-07-28T00:00:00.000Z,1805,1423,1674,0.643864829,1011,119,0,0,440
P0007T,2022-08-01T00:00:00.000Z,1760,1423,2828,1.087728913,1319,121,0,0,391
P0007T,2022-08-08T00:00:00.000Z,1428,1423,63,0.024227263,1437,3,0,0,8
P0007T,2022-08-19T00:00:00.000Z,1423,1423,11,0.004225324,1440,0,0,0,0
P0008T,2021-11-09T00:00:00.000Z,2079,1318,13503,5.610727102,1202,141,44,53,946
P0008T,2021-11-24T00:00:00.000Z,1328,1317,90,0.037524606,1437,3,0,0,10
P0008T,2021-12-21T00:00:00.000Z,1238,1236,10,0.004038913,1439,1,0,0,2
P0008T,2021-12-22T00:00:00.000Z,1242,1236,86,0.03473465,1438,2,0,0,6
P0008T,2021-12-28T00:00:00.000Z,1237,1236,6,0.002423348,1440,0,0,0,0
P0008T,2021-12-29T00:00:00.000Z,1807,1236,5065,1.953367334,1226,164,49,1,724
P0008T,2021-12-30T00:00:00.000Z,1956,1236,12150,4.781668802,1440,0,0,0,0
P0008T,2021-12-31T00:00:00.000Z,1538,1236,2842,1.147859003,1440,0,0,0,0
P0008T,2022-01-01T00:00:00.000Z,1793,1236,7718,3.108210549,1440,0,0,0,0
P0008T,2022-01-02T00:00:00.000Z,1662,1236,4888,1.974220551,1346,94,0,0,242
P0008T,2022-01-03T00:00:00.000Z,1535,1236,3621,1.413805873,1276,164,0,0,415
P0008T,2022-01-04T00:00:00.000Z,1651,1236,5379,2.172531167,1231,209,0,0,553
P0008T,2022-01-05T00:00:00.000Z,2089,1236,11000,4.442804023,981,459,0,0,1196
P0008T,2022-01-06T00:00:00.000Z,2084,1236,10293,4.157252892,998,442,0,0,1165
P0008T,2022-01-07T00:00:00.000Z,1932,1236,8354,3.37410771,1068,372,0,0,961
P0008T,2022-01-08T00:00:00.000Z,1851,1236,6550,2.64548785,1092,348,0,0,869
P0008T,2022-01-09T00:00:00.000Z,2016,1236,9631,3.805842628,1000,440,0,0,1111
P0008T,2022-01-10T00:00:00.000Z,2105,1236,10172,4.108382047,977,463,0,0,1212
P0008T,2022-01-11T00:00:00.000Z,2090,1236,10601,4.281651404,957,483,0,0,1228
P0008T,2022-01-12T00:00:00.000Z,2159,1236,11508,4.64798079,918,522,0,0,1324
P0008T,2022-01-14T00:00:00.000Z,2152,1236,10468,4.227933865,956,484,0,0,1284
P0008T,2022-01-15T00:00:00.000Z,1786,1236,6585,2.659624045,1117,323,0,0,792
P0008T,2022-01-16T00:00:00.000Z,1809,1236,7666,3.000874889,1125,296,17,2,812
P0008T,2022-01-17T00:00:00.000Z,1951,1236,7933,3.204069483,1070,370,0,0,974
P0008T,2022-01-18T00:00:00.000Z,2178,1236,11537,4.659693637,928,512,0,0,1333
P0008T,2022-02-13T00:00:00.000Z,1320,1231,1412,0.508648244,1399,41,0,0,121
P0009T,2021-11-09T00:00:00.000Z,2079,1318,13503,5.610727102,1202,141,44,53,946
P0009T,2021-11-24T00:00:00.000Z,1328,1317,90,0.037524606,1437,3,0,0,10
P0009T,2021-12-17T00:00:00.000Z,1589,1405,1326,0.53555983,1367,73,0,0,215
P0009T,2021-12-26T00:00:00.000Z,2161,1405,5364,2.130526475,1131,309,0,0,928
P0009T,2021-12-27T00:00:00.000Z,2217,1405,6479,2.584904159,1095,345,0,0,1064
P0009T,2021-12-28T00:00:00.000Z,2085,1405,5161,2.084482869,1163,277,0,0,853
P0009T,2021-12-29T00:00:00.000Z,1847,1405,3312,1.33688012,1256,184,0,0,555
P0009T,2021-12-30T00:00:00.000Z,2190,1405,6816,2.746460669,1099,341,0,0,1040
P0009T,2021-12-31T00:00:00.000Z,2095,1405,5320,2.122448649,1145,295,0,0,857
P0009T,2022-01-01T00:00:00.000Z,2510,1405,10205,4.11888322,1024,410,6,0,1395
P0009T,2022-01-15T00:00:00.000Z,2092,1405,6314,2.528763272,1157,277,1,5,888
P0009T,2022-01-16T00:00:00.000Z,1953,1405,3836,1.54932693,1196,244,0,0,722
P0009T,2022-01-17T00:00:00.000Z,1833,1405,2845,1.111508788,1238,202,0,0,556
P0009T,2022-01-18T00:00:00.000Z,2115,1405,3955,1.580022667,1160,280,0,0,862
P0009T,2022-05-04T00:00:00.000Z,2475,1400,7718,3.117232859,1440,0,0,0,0
P0009T,2022-05-05T00:00:00.000Z,2114,1400,5963,2.408403672,1440,0,0,0,0
P0009T,2022-05-06T00:00:00.000Z,2358,1400,7148,2.887014832,1440,0,0,0,0
P0009T,2022-05-07T00:00:00.000Z,2420,1400,7125,2.877725333,1440,0,0,0,0
P0009T,2022-05-08T00:00:00.000Z,1931,1400,3550,1.433814026,1440,0,0,0,0
P0009T,2022-05-09T00:00:00.000Z,1906,1400,2798,1.119990505,1440,0,0,0,0
P0009T,2022-05-10T00:00:00.000Z,2144,1400,6113,2.437887735,1440,0,0,0,0
P0009T,2022-05-11T00:00:00.000Z,2195,1400,4995,2.017436918,1440,0,0,0,0
P0009T,2022-05-12T00:00:00.000Z,1931,1400,3361,1.332437316,1440,0,0,0,0
P0009T,2022-05-13T00:00:00.000Z,2646,1400,4912,1.949987075,1440,0,0,0,0
P0009T,2022-05-14T00:00:00.000Z,2595,1400,8645,3.491640071,1440,0,0,0,0
P0009T,2022-05-15T00:00:00.000Z,2852,1400,8504,3.397129512,1440,0,0,0,0
P0009T,2022-05-16T00:00:00.000Z,2079,1400,5041,2.036015916,1440,0,0,0,0
P0009T,2022-05-17T00:00:00.000Z,1400,1400,1944,0.785164638,1440,0,0,0,0
P0009T,2022-05-18T00:00:00.000Z,1890,1400,3233,1.305780491,1440,0,0,0,0
P0009T,2022-05-19T00:00:00.000Z,2194,1400,3819,1.542460778,1440,0,0,0,0
P0009T,2022-05-20T00:00:00.000Z,2342,1400,5223,2.092964586,1440,0,0,0,0
P0009T,2022-05-21T00:00:00.000Z,2688,1400,8161,3.296156694,1440,0,0,0,0
P0009T,2022-05-22T00:00:00.000Z,2510,1400,7765,3.01302891,1440,0,0,0,0
P0009T,2022-05-23T00:00:00.000Z,2473,1400,7596,3.067958123,1440,0,0,0,0
P0009T,2022-05-24T00:00:00.000Z,1959,1400,3741,1.510957259,1440,0,0,0,0
P0009T,2022-05-25T00:00:00.000Z,2204,1400,5512,2.226248707,1440,0,0,0,0
P0009T,2022-05-26T00:00:00.000Z,1936,1400,2922,1.180170305,1440,0,0,0,0
P0009T,2022-05-27T00:00:00.000Z,2512,1400,9226,3.726300901,1440,0,0,0,0
P0009T,2022-05-28T00:00:00.000Z,2521,1400,6886,2.781195318,1440,0,0,0,0
P0009T,2022-05-29T00:00:00.000Z,2155,1400,3759,1.518227302,1440,0,0,0,0
P0009T,2022-05-30T00:00:00.000Z,2527,1400,7410,2.992834346,1440,0,0,0,0
P0009T,2022-05-31T00:00:00.000Z,2173,1400,4326,1.747233655,1440,0,0,0,0
P0009T,2022-06-01T00:00:00.000Z,2573,1400,5110,2.061057175,1440,0,0,0,0
P0009T,2022-06-02T00:00:00.000Z,2233,1400,5720,2.310258092,1440,0,0,0,0
P0009T,2022-06-03T00:00:00.000Z,2278,1400,5968,2.410423128,1440,0,0,0,0
P0009T,2022-06-04T00:00:00.000Z,2544,1400,7872,3.179432115,1440,0,0,0,0
P0009T,2022-06-05T00:00:00.000Z,2986,1400,6569,2.647507306,1440,0,0,0,0
P0009T,2022-06-06T00:00:00.000Z,2266,1400,7071,2.855915204,1440,0,0,0,0
P0009T,2022-06-07T00:00:00.000Z,2021,1400,3184,1.285989819,1440,0,0,0,0
P0009T,2022-06-08T00:00:00.000Z,2189,1400,4656,1.880517775,1440,0,0,0,0
P0009T,2022-06-09T00:00:00.000Z,2156,1400,3942,1.592139405,1440,0,0,0,0
P0009T,2022-06-10T00:00:00.000Z,2109,1400,4283,1.725827417,1440,0,0,0,0
P0009T,2022-06-11T00:00:00.000Z,2503,1400,7930,3.202857809,1440,0,0,0,0
P0009T,2022-06-12T00:00:00.000Z,2785,1400,6172,2.463736776,1440,0,0,0,0
P0009T,2022-06-13T00:00:00.000Z,2214,1400,4937,1.994011224,1440,0,0,0,0
P0009T,2022-06-14T00:00:00.000Z,2182,1400,5459,2.174550624,1440,0,0,0,0
P0009T,2022-06-15T00:00:00.000Z,2304,1400,5256,2.12285254,1440,0,0,0,0
P0009T,2022-06-16T00:00:00.000Z,2189,1400,4266,1.723000178,1440,0,0,0,0
P0009T,2022-06-17T00:00:00.000Z,2263,1400,4506,1.819934084,1440,0,0,0,0
P0009T,2022-06-18T00:00:00.000Z,2578,1400,5945,2.401133629,1440,0,0,0,0
P0009T,2022-06-19T00:00:00.000Z,3185,1400,8851,3.485985593,1440,0,0,0,0
P0009T,2022-06-20T00:00:00.000Z,2208,1400,5579,2.253309422,1440,0,0,0,0
P0009T,2022-06-21T00:00:00.000Z,2197,1400,5883,2.37609237,1440,0,0,0,0
P0009T,2022-06-22T00:00:00.000Z,2396,1400,8054,3.252940327,1440,0,0,0,0
P0009T,2022-06-23T00:00:00.000Z,1968,1400,4042,1.607083382,1440,0,0,0,0
P0009T,2022-06-24T00:00:00.000Z,1970,1400,3737,1.507726129,1440,0,0,0,0
P0009T,2022-06-25T00:00:00.000Z,2273,1400,5647,2.175358406,1440,0,0,0,0
P0009T,2022-06-26T00:00:00.000Z,2437,1400,6084,2.457274516,1440,0,0,0,0
P0009T,2022-06-27T00:00:00.000Z,2421,1400,5425,2.191110166,1440,0,0,0,0
P0009T,2022-06-28T00:00:00.000Z,2336,1400,6288,2.539668336,1440,0,0,0,0
P0009T,2022-06-29T00:00:00.000Z,2029,1400,5674,2.280370138,1440,0,0,0,0
P0009T,2022-06-30T00:00:00.000Z,2256,1400,4708,1.882133341,1440,0,0,0,0
P0009T,2022-07-01T00:00:00.000Z,2725,1400,6753,2.630543873,1440,0,0,0,0
P0009T,2022-07-02T00:00:00.000Z,1899,1400,2414,0.918044868,1440,0,0,0,0
P0009T,2022-07-03T00:00:00.000Z,1625,1400,3429,1.384943181,1440,0,0,0,0
P0009T,2022-07-04T00:00:00.000Z,2276,1400,5812,2.347416089,1440,0,0,0,0
P0009T,2022-07-05T00:00:00.000Z,1987,1400,4515,1.823569106,1440,0,0,0,0
P0009T,2022-07-06T00:00:00.000Z,2132,1400,6207,2.492413057,1440,0,0,0,0
P0009T,2022-07-07T00:00:00.000Z,2238,1400,7193,2.893073201,1440,0,0,0,0
P0009T,2022-07-08T00:00:00.000Z,2057,1400,5664,2.28764018,1440,0,0,0,0
P0009T,2022-07-10T00:00:00.000Z,2219,1400,4433,1.790450021,1440,0,0,0,0
P0009T,2022-07-11T00:00:00.000Z,2054,1400,4883,1.944736488,1440,0,0,0,0
P0009T,2022-07-12T00:00:00.000Z,1890,1400,3168,1.279527559,1440,0,0,0,0
P0009T,2022-07-13T00:00:00.000Z,2416,1400,8268,3.33937306,1440,0,0,0,0
P0009T,2022-07-14T00:00:00.000Z,2434,1400,8291,3.315139584,1313,127,0,0,403
P0009T,2022-07-15T00:00:00.000Z,2085,1400,4894,1.976643899,1145,295,0,0,897
P0009T,2022-07-16T00:00:00.000Z,2259,1400,5466,2.207669708,1100,340,0,0,1088
P0009T,2022-07-17T00:00:00.000Z,1930,1400,4184,1.674129334,1208,232,0,0,687
P0009T,2022-07-18T00:00:00.000Z,2326,1400,6683,2.699205389,1042,398,0,0,1196
P0009T,2022-07-19T00:00:00.000Z,2222,1400,5732,2.315104787,1105,335,0,0,1044
P0009T,2022-07-20T00:00:00.000Z,2492,1400,6719,2.713745475,1022,418,0,0,1414
P0009T,2022-07-21T00:00:00.000Z,2013,1400,3944,1.589218961,641,266,0,0,789
P0009T,2022-07-22T00:00:00.000Z,2921,1400,7348,2.967793087,365,318,140,24,1909
P0009T,2022-07-23T00:00:00.000Z,3478,1400,13064,5.270781136,486,490,133,47,2635
P0009T,2022-07-24T00:00:00.000Z,2542,1400,5218,2.046920981,648,352,30,13,1411
P0009T,2022-07-25T00:00:00.000Z,2510,1400,7726,3.120463989,606,428,0,0,1406
P0009T,2022-07-26T00:00:00.000Z,2437,1400,6444,2.602675375,510,388,0,0,1313
P0009T,2022-07-27T00:00:00.000Z,2779,1400,8404,3.382744769,557,382,72,11,1743
P0009T,2022-07-28T00:00:00.000Z,2899,1400,11520,4.647688746,515,511,27,2,1900
P0009T,2022-07-29T00:00:00.000Z,2173,1400,5541,2.235643839,653,316,0,0,970
P0009T,2022-07-30T00:00:00.000Z,2127,1400,4214,1.690626739,640,291,0,0,914
P0009T,2022-07-31T00:00:00.000Z,2017,1400,3305,1.324614252,663,209,0,0,668
P0009T,2022-08-01T00:00:00.000Z,2033,1400,5675,2.289473225,1440,0,0,0,0
P0009T,2022-08-02T00:00:00.000Z,1811,1400,5534,2.232754463,1440,0,0,0,0
P0009T,2022-08-03T00:00:00.000Z,2662,1400,9760,3.937927502,1440,0,0,0,0
P0009T,2022-08-04T00:00:00.000Z,2341,1400,7190,2.901200737,1440,0,0,0,0
P0009T,2022-08-05T00:00:00.000Z,2796,1400,12351,4.982850153,1440,0,0,0,0
P0009T,2022-08-06T00:00:00.000Z,2463,1400,11088,4.473083441,1440,0,0,0,0
P0009T,2022-08-07T00:00:00.000Z,2165,1400,7615,3.041879174,1440,0,0,0,0
P0009T,2022-08-08T00:00:00.000Z,2114,1400,6429,2.58301519,1440,0,0,0,0
P0009T,2022-08-09T00:00:00.000Z,2445,1400,11004,4.439175215,1440,0,0,0,0
P0009T,2022-08-10T00:00:00.000Z,2034,1400,5047,2.036587578,1440,0,0,0,0
P0009T,2022-08-11T00:00:00.000Z,2219,1400,6993,2.792920593,1440,0,0,0,0
P0009T,2022-08-12T00:00:00.000Z,2292,1400,8838,3.565664021,1440,0,0,0,0
P0009T,2022-08-13T00:00:00.000Z,1998,1400,4793,1.919869213,1440,0,0,0,0
P0009T,2022-08-14T00:00:00.000Z,2229,1400,6058,2.385164389,1440,0,0,0,0
P0009T,2022-08-15T00:00:00.000Z,2245,1400,7670,3.094565238,1440,0,0,0,0
P0009T,2022-08-16T00:00:00.000Z,2316,1400,8859,3.573959326,1440,0,0,0,0
P0009T,2022-08-17T00:00:00.000Z,2597,1400,10664,4.302572972,1440,0,0,0,0
P0009T,2022-08-18T00:00:00.000Z,2085,1400,6233,2.514906694,1440,0,0,0,0
P0009T,2022-08-19T00:00:00.000Z,2380,1400,9030,3.643496976,1440,0,0,0,0
P0009T,2022-08-20T00:00:00.000Z,1755,1400,3178,1.281932265,1440,0,0,0,0
P0009T,2022-08-21T00:00:00.000Z,1860,1400,4679,1.887725681,1230,210,0,0,612
P0009T,2022-08-22T00:00:00.000Z,1957,1400,4659,1.8623116,1198,242,0,0,725
P0009T,2022-08-23T00:00:00.000Z,2767,1400,14106,5.690828062,845,595,0,0,1856
P0009T,2022-08-24T00:00:00.000Z,2132,1400,6336,2.556557205,1078,362,0,0,1023
P0009T,2022-08-25T00:00:00.000Z,2364,1400,9653,3.880960191,980,460,0,0,1357
P0009T,2022-08-26T00:00:00.000Z,2200,1400,7487,3.020715272,1053,387,0,0,1121
P0009T,2022-08-27T00:00:00.000Z,2428,1400,10755,4.398456761,799,402,12,20,1382
P0009T,2022-08-28T00:00:00.000Z,2105,1400,5518,2.223166706,876,326,0,0,925
P0009T,2022-08-29T00:00:00.000Z,2089,1400,6052,2.441721595,691,338,0,0,958
P0009T,2022-08-30T00:00:00.000Z,2298,1400,7205,2.906824146,704,399,5,3,1223
P0009T,2022-08-31T00:00:00.000Z,2434,1400,8754,3.524156425,666,463,0,0,1415
P0009T,2022-09-01T00:00:00.000Z,2291,1400,8460,3.412763212,605,433,0,0,1260
P0009T,2022-09-02T00:00:00.000Z,2388,1400,9509,3.836563219,585,453,0,0,1370
P0009T,2022-09-03T00:00:00.000Z,1491,1400,681,0.27480141,1027,48,0,0,126
P0009T,2022-12-23T00:00:00.000Z,2619,1400,7117,2.871753956,1440,0,0,0,0
P0009T,2022-12-24T00:00:00.000Z,2530,1400,8164,3.294273939,1440,0,0,0,0
P0009T,2022-12-25T00:00:00.000Z,2007,1400,5407,2.166031624,1440,0,0,0,0
P0009T,2022-12-26T00:00:00.000Z,2290,1400,6456,2.60467619,1440,0,0,0,0
P0009T,2022-12-27T00:00:00.000Z,2122,1400,5382,2.17153076,1440,0,0,0,0
P0009T,2022-12-28T00:00:00.000Z,2121,1400,4736,1.91062321,1440,0,0,0,0
P0009T,2022-12-29T00:00:00.000Z,2946,1400,8674,3.499860812,1440,0,0,0,0
P0009T,2022-12-30T00:00:00.000Z,2104,1400,5310,2.133005746,1440,0,0,0,0
P0009T,2022-12-31T00:00:00.000Z,2303,1400,8172,3.297281376,1440,0,0,0,0
P0009T,2023-01-01T00:00:00.000Z,2419,1400,6960,2.795928029,1440,0,0,0,0
P0009T,2023-01-02T00:00:00.000Z,2256,1400,5422,2.188077874,1440,0,0,0,0
P0009T,2023-01-03T00:00:00.000Z,2003,1400,4934,1.990761452,1440,0,0,0,0
P0009T,2023-01-04T00:00:00.000Z,2261,1400,7172,2.893725641,1440,0,0,0,0
P0009T,2023-01-05T00:00:00.000Z,2214,1400,7269,2.932579982,1440,0,0,0,0
P0009T,2023-01-06T00:00:00.000Z,2528,1400,7357,2.968402031,1440,0,0,0,0
P0009T,2023-01-07T00:00:00.000Z,2484,1400,8522,3.437972241,1440,0,0,0,0
P0009T,2023-01-08T00:00:00.000Z,2078,1400,5440,2.174115664,1440,0,0,0,0
P0009T,2023-01-09T00:00:00.000Z,2349,1400,6543,2.63996386,1440,0,0,0,0
P0009T,2023-01-10T00:00:00.000Z,2438,1400,8538,3.445217429,1440,0,0,0,0
P0009T,2023-01-11T00:00:00.000Z,2219,1400,6718,2.710632406,1440,0,0,0,0
P0009T,2023-01-12T00:00:00.000Z,1400,1400,3802,1.533966634,1440,0,0,0,0
P0009T,2023-01-13T00:00:00.000Z,1821,1400,2703,1.090773632,1440,0,0,0,0
P0009T,2023-01-14T00:00:00.000Z,1806,1400,2788,1.125067108,1440,0,0,0,0
P0009T,2023-01-15T00:00:00.000Z,2534,1400,5904,2.381635001,1440,0,0,0,0
P0009T,2023-01-16T00:00:00.000Z,2176,1400,7087,2.859363814,1440,0,0,0,0
P0009T,2023-01-17T00:00:00.000Z,2334,1400,8469,3.416180753,1440,0,0,0,0
P0009T,2023-01-18T00:00:00.000Z,2464,1400,7627,3.076818877,1440,0,0,0,0
P0009T,2023-01-19T00:00:00.000Z,2419,1400,9721,3.921510875,1440,0,0,0,0
P0009T,2023-01-20T00:00:00.000Z,2303,1400,8774,3.539628568,1440,0,0,0,0
P0009T,2023-01-21T00:00:00.000Z,2253,1400,6379,2.573868606,1440,0,0,0,0
P0009T,2023-01-22T00:00:00.000Z,1880,1400,3062,1.235522051,1440,0,0,0,0
P0009T,2023-01-23T00:00:00.000Z,2091,1400,4712,1.901451771,1440,0,0,0,0
P0009T,2023-01-24T00:00:00.000Z,2028,1400,4159,1.678379513,1440,0,0,0,0
P0009T,2023-01-25T00:00:00.000Z,2538,1400,9220,3.719639802,1440,0,0,0,0
P0009T,2023-01-26T00:00:00.000Z,2154,1395,6821,2.752053009,1440,0,0,0,0
P0009T,2023-01-27T00:00:00.000Z,1525,1395,5577,2.250270917,1440,0,0,0,0
P0009T,2023-01-28T00:00:00.000Z,2450,1395,9197,3.690149525,1440,0,0,0,0
P0009T,2023-01-29T00:00:00.000Z,2393,1395,8022,3.23695866,1440,0,0,0,0
P0009T,2023-01-30T00:00:00.000Z,2157,1395,6531,2.635347072,1440,0,0,0,0
P0009T,2023-01-31T00:00:00.000Z,2070,1395,5246,2.117036506,1440,0,0,0,0
P0009T,2023-02-01T00:00:00.000Z,1838,1395,2946,1.188819792,1440,0,0,0,0
P0009T,2023-02-02T00:00:00.000Z,1832,1395,2323,0.937512427,1440,0,0,0,0
P0009T,2023-02-03T00:00:00.000Z,1999,1395,5426,2.189562952,1440,0,0,0,0
P0009T,2023-02-04T00:00:00.000Z,2366,1395,7826,3.157783543,1440,0,0,0,0
P0009T,2023-02-05T00:00:00.000Z,2455,1395,7054,2.846414439,1440,0,0,0,0
P0009T,2023-02-06T00:00:00.000Z,2441,1395,9463,3.817617612,1440,0,0,0,0
P0009T,2023-02-07T00:00:00.000Z,2423,1395,8313,3.353875864,1440,0,0,0,0
P0009T,2023-02-08T00:00:00.000Z,1932,1395,4533,1.829043386,1440,0,0,0,0
P0009T,2023-02-09T00:00:00.000Z,2330,1395,7322,2.954197486,1440,0,0,0,0
P0009T,2023-02-10T00:00:00.000Z,1987,1395,4776,1.927232462,1440,0,0,0,0
P0009T,2023-02-11T00:00:00.000Z,2120,1395,6516,2.628617622,1440,0,0,0,0
P0009T,2023-02-12T00:00:00.000Z,1395,1395,3954,1.555422582,1440,0,0,0,0
P0009T,2023-02-13T00:00:00.000Z,2278,1395,7524,3.020976248,1440,0,0,0,0
P0009T,2023-02-14T00:00:00.000Z,2081,1395,5539,2.234612363,1440,0,0,0,0
P0009T,2023-02-15T00:00:00.000Z,1602,1395,3166,1.277290622,1440,0,0,0,0
P0009T,2023-02-16T00:00:00.000Z,1824,1395,3147,1.269946015,1440,0,0,0,0
P0009T,2023-02-17T00:00:00.000Z,1943,1395,3511,1.416912729,1440,0,0,0,0
P0009T,2023-02-18T00:00:00.000Z,2147,1395,4498,1.791096247,1440,0,0,0,0
P0009T,2023-02-19T00:00:00.000Z,2360,1395,3095,1.248906386,1440,0,0,0,0
P0009T,2023-02-20T00:00:00.000Z,2635,1395,7005,2.826487064,1440,0,0,0,0
P0009T,2023-02-21T00:00:00.000Z,2130,1395,7338,2.954278264,1440,0,0,0,0
P0009T,2023-02-22T00:00:00.000Z,2420,1395,9380,3.783864729,1440,0,0,0,0
P0009T,2023-02-23T00:00:00.000Z,2011,1395,4052,1.620710053,1440,0,0,0,0
P0009T,2023-02-24T00:00:00.000Z,2444,1395,4543,1.833225214,1440,0,0,0,0
P0009T,2023-02-25T00:00:00.000Z,2163,1395,5389,2.174022458,1440,0,0,0,0
P0009T,2023-02-26T00:00:00.000Z,2321,1395,4452,1.744828948,1440,0,0,0,0
P0009T,2023-02-27T00:00:00.000Z,2058,1395,4272,1.723814175,1440,0,0,0,0
P0009T,2023-02-28T00:00:00.000Z,2187,1395,6690,2.699398015,1440,0,0,0,0
P0009T,2023-03-01T00:00:00.000Z,2456,1395,10098,4.073659825,1440,0,0,0,0
P0009T,2023-03-02T00:00:00.000Z,1856,1395,3971,1.602311252,1440,0,0,0,0
P0009T,2023-03-03T00:00:00.000Z,2110,1395,5383,2.171853873,1197,243,0,0,731
P0009T,2023-03-04T00:00:00.000Z,2198,1395,6462,2.606882058,1135,287,12,6,994
P0009T,2023-03-05T00:00:00.000Z,2341,1395,5664,2.269545851,1113,313,14,0,1130
P0009T,2023-03-06T00:00:00.000Z,2156,1395,5112,2.062710023,1122,318,0,0,959
P0009T,2023-03-07T00:00:00.000Z,2461,1395,8456,3.410992304,1038,402,0,0,1358
P0009T,2023-03-08T00:00:00.000Z,2024,1395,4221,1.70316601,1163,277,0,0,802
P0009T,2023-03-09T00:00:00.000Z,2642,1395,8883,3.583192902,1024,320,75,21,1550
P0009T,2023-03-10T00:00:00.000Z,2077,1395,4205,1.696666467,1164,276,0,0,854
P0009T,2023-03-11T00:00:00.000Z,2154,1395,6064,2.414002226,1102,338,0,0,974
P0009T,2023-03-12T00:00:00.000Z,2071,1395,4657,1.878914638,1175,257,8,0,832
P0009T,2023-03-13T00:00:00.000Z,1847,1395,3174,1.280795156,1233,207,0,0,586
P0009T,2023-03-14T00:00:00.000Z,1410,1395,111,0.044788436,1431,9,0,0,23
P0009T,2023-03-15T00:00:00.000Z,1906,1395,4373,1.736626849,1204,236,0,0,692
P0009T,2023-03-16T00:00:00.000Z,2292,1395,7515,3.032024227,725,309,20,1,1149
P0009T,2023-03-17T00:00:00.000Z,1413,1395,87,0.035113686,1431,9,0,0,23
P0009T,2023-03-18T00:00:00.000Z,1483,1395,708,0.285644337,1400,40,0,0,111
P0009T,2023-03-19T00:00:00.000Z,1503,1395,769,0.308635071,1150,52,0,0,139
P0009T,2023-03-20T00:00:00.000Z,1395,1395,769,0.310387338,1440,0,0,0,0
P0009T,2023-03-21T00:00:00.000Z,1470,1395,462,0.186429999,1408,32,0,0,94
P0009T,2023-03-22T00:00:00.000Z,1664,1395,1568,0.632773353,873,120,0,0,345
P0009T,2023-03-23T00:00:00.000Z,1422,1395,152,0.06133555,1429,11,0,0,30
P0009T,2023-03-24T00:00:00.000Z,1903,1395,3931,1.578034279,1206,234,0,0,667
P0009T,2023-03-25T00:00:00.000Z,1931,1395,5956,2.175302483,1216,224,0,0,702
P0009T,2023-03-26T00:00:00.000Z,1460,1395,429,0.173101587,1344,32,0,0,86
P0009T,2023-04-24T00:00:00.000Z,2169,1395,6903,2.776814651,708,345,0,0,1048
P0009T,2023-04-25T00:00:00.000Z,1814,1395,3268,1.318543456,887,197,0,0,557
P0009T,2023-10-11T00:00:00.000Z,1992,1395,4182,1.684425455,880,275,0,0,770
P0009T,2023-10-12T00:00:00.000Z,2257,1395,7018,2.831538812,722,383,0,0,1131
P0009T,2023-10-13T00:00:00.000Z,2182,1264,8615,3.466188707,549,425,0,0,1262
P0009T,2023-10-14T00:00:00.000Z,2840,1395,13031,5.250027338,647,555,15,7,1899
P0009T,2023-10-15T00:00:00.000Z,3291,1395,14744,6.206851982,619,461,36,63,2298
P0009T,2023-10-16T00:00:00.000Z,2357,1395,8792,3.543375436,494,446,0,0,1315
P0009T,2023-10-17T00:00:00.000Z,2490,1395,11275,4.549300831,650,495,0,0,1517
P0009T,2023-10-18T00:00:00.000Z,2225,1395,6284,2.524569016,542,371,0,0,1113
P0009T,2023-10-19T00:00:00.000Z,2143,1395,6405,2.572880626,1030,306,0,0,957
P0009T,2023-10-20T00:00:00.000Z,2409,1395,8232,3.313368676,648,445,0,0,1334
P0009T,2023-10-21T00:00:00.000Z,2180,1395,6062,2.445710798,714,324,0,0,981
P0009T,2023-10-22T00:00:00.000Z,2353,1395,4157,1.668505925,498,333,18,3,1187
P0009T,2023-10-23T00:00:00.000Z,2233,1395,6031,2.400574395,589,345,0,0,1039
P0009T,2023-10-24T00:00:00.000Z,2400,1395,7147,2.883075339,631,416,0,0,1287
P0009T,2023-10-25T00:00:00.000Z,2090,1395,5105,2.059957348,810,236,0,0,664
P0009T,2023-10-26T00:00:00.000Z,1495,1395,870,0.349831981,1381,59,0,0,149
P0009T,2023-10-27T00:00:00.000Z,2341,1395,9120,3.663113665,584,450,0,0,1303
P0009T,2023-10-28T00:00:00.000Z,2035,1395,6254,2.523407052,698,315,0,0,895
P0009T,2023-10-29T00:00:00.000Z,2044,1395,5320,2.146663484,1184,256,0,0,726
P0009T,2023-10-30T00:00:00.000Z,1913,1395,3796,1.511044251,1352,88,0,0,250
P0009T,2023-10-31T00:00:00.000Z,2018,1395,4637,1.861379543,669,292,0,0,848
P0009T,2023-11-01T00:00:00.000Z,2287,1395,7710,2.987434631,667,400,0,0,1192
P0009T,2023-11-02T00:00:00.000Z,2318,1395,8195,3.292024575,596,407,6,3,1249
P0009T,2023-11-03T00:00:00.000Z,2324,1395,7094,2.862507952,586,403,0,0,1225
P0009T,2023-11-04T00:00:00.000Z,2263,1395,7070,2.845805495,760,398,0,0,1159
P0009T,2023-11-05T00:00:00.000Z,2613,1395,7612,3.057146265,580,405,18,0,1450
P0009T,2023-11-06T00:00:00.000Z,2065,1395,4163,1.67614879,986,269,5,1,824
P0009T,2023-11-07T00:00:00.000Z,2176,1395,4533,1.828316382,729,307,0,0,955
P0009T,2023-11-08T00:00:00.000Z,2408,1395,7225,2.915249939,603,405,0,0,1299
P0009T,2023-11-09T00:00:00.000Z,2250,1395,5584,2.253265926,559,321,7,3,1082
P0009T,2023-11-10T00:00:00.000Z,2660,1395,7202,2.854995575,701,468,13,2,1626
P0009T,2023-11-11T00:00:00.000Z,2328,1395,6339,2.551580022,861,404,0,0,1220
P0009T,2023-11-12T00:00:00.000Z,2010,1395,3762,1.508937803,636,255,0,0,769
P0009T,2023-11-13T00:00:00.000Z,1865,1395,3959,1.594314204,1049,214,0,0,624
P0009T,2023-11-14T00:00:00.000Z,2084,1395,5903,2.381473444,745,284,0,0,862
P0009T,2023-11-15T00:00:00.000Z,2114,1395,5572,2.248468941,767,335,0,0,960
P0009T,2023-11-16T00:00:00.000Z,2126,1395,5477,2.206010647,787,334,0,0,961
P0009T,2023-11-17T00:00:00.000Z,2316,1395,5003,2.015697078,684,335,7,1,1121
P0009T,2023-11-18T00:00:00.000Z,2535,1395,6168,2.488964447,639,369,24,4,1384
P0009T,2023-11-19T00:00:00.000Z,1558,1395,980,0.395453054,787,72,0,0,210
P0009T,2023-11-26T00:00:00.000Z,1957,1395,5357,2.142692923,664,253,0,0,759
P0009T,2023-11-27T00:00:00.000Z,2659,1395,13210,5.328873129,604,485,17,1,1672
P0009T,2023-11-28T00:00:00.000Z,2261,1395,7563,3.051771404,713,385,0,0,1159
P0009T,2023-11-29T00:00:00.000Z,2038,1395,5151,2.078492851,692,298,0,0,858
P0009T,2023-11-30T00:00:00.000Z,2296,1395,7705,3.108838134,835,402,0,0,1184
P0009T,2023-12-01T00:00:00.000Z,2126,1395,4978,2.00845189,775,267,11,1,941
P0009T,2023-12-06T00:00:00.000Z,2466,1395,7005,2.826369004,547,364,20,1,1324
P0009T,2023-12-07T00:00:00.000Z,2738,1395,13330,5.37604763,689,393,37,29,1692
P0009T,2023-12-10T00:00:00.000Z,2094,1395,5430,2.19074977,1137,292,9,2,912
P0009T,2023-12-11T00:00:00.000Z,2573,1395,9586,3.866942057,531,367,53,8,1525
P0009T,2023-12-12T00:00:00.000Z,2652,1395,11246,4.536836125,608,475,30,1,1665
P0009T,2023-12-13T00:00:00.000Z,2398,1395,7037,2.813357491,664,447,0,0,1324
P0009T,2023-12-14T00:00:00.000Z,2053,1395,4922,1.98602039,823,281,0,0,803
P0009T,2023-12-15T00:00:00.000Z,1402,1395,36,0.014527658,1437,3,0,0,8
P0009T,2023-12-17T00:00:00.000Z,2250,1395,7884,3.180407668,615,340,10,0,1094
P0009T,2023-12-18T00:00:00.000Z,2244,1395,7155,2.886561231,854,346,0,0,1084
P0009T,2023-12-19T00:00:00.000Z,2286,1395,7744,3.124459406,650,370,0,0,1144
P0009T,2023-12-20T00:00:00.000Z,2180,1395,5177,2.033325379,1010,305,0,0,929
P0009T,2023-12-21T00:00:00.000Z,2566,1395,11197,4.504729876,595,436,27,1,1512
P0009T,2023-12-22T00:00:00.000Z,2098,1395,6134,2.47517622,1100,340,0,0,969
P0009T,2023-12-23T00:00:00.000Z,2022,1395,5861,2.364963612,1000,303,0,0,862
P0009T,2023-12-24T00:00:00.000Z,1447,1395,341,0.137596437,896,29,0,0,73
P0009T,2023-12-26T00:00:00.000Z,2423,1395,10229,4.127203381,646,485,0,0,1417
P0009T,2023-12-27T00:00:00.000Z,2449,1395,9801,3.954692097,584,492,0,0,1449
P0009T,2023-12-28T00:00:00.000Z,1971,1395,4550,1.835797691,681,245,0,0,732
P0009T,2024-01-07T00:00:00.000Z,1947,1395,4077,1.644999453,805,240,0,0,683
P0009T,2024-01-08T00:00:00.000Z,2073,1395,5070,2.045759017,814,297,0,0,884
P0009T,2024-01-09T00:00:00.000Z,2189,1395,5733,2.313377375,1101,339,0,0,1026
P0009T,2024-01-10T00:00:00.000Z,1845,1395,3591,1.449118398,876,231,0,0,629
P0009T,2024-01-14T00:00:00.000Z,2049,1395,4438,1.725411099,692,265,0,0,816
P0009T,2024-01-15T00:00:00.000Z,1898,1395,2985,1.204639903,738,227,0,0,636
P0009T,2024-01-16T00:00:00.000Z,1426,1395,141,0.056917601,1313,13,0,0,39
P0009T,2024-01-19T00:00:00.000Z,1742,1395,2712,1.094278165,724,162,0,0,445
P0009T,2024-01-20T00:00:00.000Z,2110,1395,5769,2.32794853,760,324,0,0,952
P0009T,2024-01-21T00:00:00.000Z,1624,1395,1796,0.724723862,1049,103,0,0,302
P0009T,2024-01-25T00:00:00.000Z,2415,1395,7868,3.174647557,574,397,9,0,1303
P0009T,2024-01-26T00:00:00.000Z,1410,1390,246,0.098375487,1434,6,0,0,24
P0009T,2024-01-31T00:00:00.000Z,2109,1390,5230,2.110468612,727,301,0,0,904
P0009T,2024-02-01T00:00:00.000Z,1932,1390,4194,1.642948928,840,233,0,0,685
P0009T,2024-02-02T00:00:00.000Z,2121,1390,2406,0.970973266,646,258,0,0,877
P0009T,2024-02-03T00:00:00.000Z,2521,1390,7091,2.861184432,680,390,19,1,1376
P0009T,2024-02-04T00:00:00.000Z,2950,1390,11001,4.437963541,457,289,109,50,1904
P0009T,2024-02-05T00:00:00.000Z,2619,1390,10533,4.249464376,509,456,8,0,1583
P0009T,2024-02-06T00:00:00.000Z,1935,1390,3665,1.478888292,720,225,0,0,666
P0009T,2024-02-07T00:00:00.000Z,2089,1390,4487,1.810694295,763,280,0,0,855
P0009T,2024-02-08T00:00:00.000Z,1926,1390,3808,1.536650958,887,243,0,0,687
P0009T,2024-02-09T00:00:00.000Z,2225,1390,6705,2.705574444,759,271,11,15,1003
P0009T,2024-02-10T00:00:00.000Z,2000,1390,3783,1.526479111,729,230,0,0,755
P0009T,2024-02-11T00:00:00.000Z,2185,1390,5936,2.39485778,613,302,9,0,1003
P0009T,2024-02-12T00:00:00.000Z,2114,1390,6424,2.555121837,808,335,0,0,957
P0009T,2024-02-13T00:00:00.000Z,1945,1390,3603,1.453840819,673,227,0,0,666
P0009T,2024-02-14T00:00:00.000Z,2198,1390,5782,2.333018919,789,350,0,0,1053
P0009T,2024-02-15T00:00:00.000Z,2413,1390,6752,2.724308786,806,358,23,0,1249
P0009T,2024-02-16T00:00:00.000Z,2093,1390,4161,1.6788269,848,293,0,0,858
P0009T,2024-02-17T00:00:00.000Z,1988,1390,4036,1.628700886,725,278,0,0,770
P0009T,2024-02-18T00:00:00.000Z,2132,1390,4878,1.968348593,482,330,0,0,975
P0009T,2024-02-19T00:00:00.000Z,2404,1390,8713,3.515885975,999,441,0,0,1346
P0009T,2024-02-20T00:00:00.000Z,2278,1390,6944,2.745572108,752,392,0,0,1159
P0009T,2024-02-21T00:00:00.000Z,1954,1390,3734,1.506806499,666,262,0,0,733
P0009T,2024-02-22T00:00:00.000Z,2149,1390,6360,2.566312733,720,344,0,0,1015
P0009T,2024-02-23T00:00:00.000Z,1709,1390,2026,0.814400153,981,151,0,0,398
P0009T,2024-02-24T00:00:00.000Z,1854,1390,3416,1.370589507,691,215,0,0,594
P0009T,2024-02-25T00:00:00.000Z,1946,1390,4049,1.633721565,671,232,0,0,705
P0009T,2024-02-26T00:00:00.000Z,2203,1390,6976,2.813867016,821,356,0,0,1061
P0009T,2024-02-27T00:00:00.000Z,2080,1390,5691,2.295873349,713,285,7,4,895
P0009T,2024-02-28T00:00:00.000Z,1819,1390,3345,1.349879205,751,187,0,0,555
P0010T,2021-11-09T00:00:00.000Z,2079,1318,13503,5.610727102,1202,141,44,53,946
P0010T,2021-11-24T00:00:00.000Z,1328,1317,90,0.037524606,1437,3,0,0,10
P0010T,2021-12-10T00:00:00.000Z,1670,1548,592,0.243148761,1403,37,0,0,125
P0010T,2021-12-23T00:00:00.000Z,2704,1548,11966,4.914747871,1068,311,54,7,1509
P0010T,2021-12-31T00:00:00.000Z,2977,1548,13799,5.622427521,860,580,0,0,1951
P0010T,2022-01-01T00:00:00.000Z,2312,1548,7411,3.043065993,1128,312,0,0,1025
P0010T,2022-01-02T00:00:00.000Z,2006,1548,4643,1.900774476,1227,213,0,0,671
P0010T,2022-01-03T00:00:00.000Z,1841,1548,2377,0.937686411,1339,101,0,0,373
P0010T,2022-01-04T00:00:00.000Z,2614,1548,11082,4.551668256,1010,430,0,0,1458
P0010T,2022-01-06T00:00:00.000Z,1654,1548,619,0.254234023,1412,28,0,0,106
P0010T,2022-01-07T00:00:00.000Z,2492,1548,9825,3.956525142,1130,283,12,15,1205
P0010T,2022-01-08T00:00:00.000Z,1985,1548,4373,1.79404776,1273,167,0,0,571
P0010T,2022-01-09T00:00:00.000Z,3168,1548,18359,7.540109508,1008,255,100,77,2031
P0010T,2022-01-11T00:00:00.000Z,3032,1548,16958,6.965092607,1019,302,81,38,1884
P0010T,2022-01-27T00:00:00.000Z,1846,1548,2516,1.033383788,1312,128,0,0,411
P0010T,2022-01-30T00:00:00.000Z,2102,1548,5813,2.350585082,1227,213,0,0,743
P0012T,2021-11-09T00:00:00.000Z,2079,1318,13503,5.610727102,1202,141,44,53,946
P0012T,2021-11-24T00:00:00.000Z,1328,1317,90,0.037524606,1437,3,0,0,10
P0012T,2021-12-07T00:00:00.000Z,1700,1614,1194,0.724332399,1440,0,0,0,0
P0012T,2021-12-09T00:00:00.000Z,1614,1614,21,0.009364064,1440,0,0,0,0
P0012T,2022-01-06T00:00:00.000Z,2220,1614,1811,0.731447099,1285,90,55,10,744
P0012T,2022-01-15T00:00:00.000Z,2504,1614,6112,2.468583472,1186,216,35,3,1084
P0012T,2022-01-22T00:00:00.000Z,2256,1614,6952,2.804621012,1249,172,19,0,792
P0012T,2022-01-31T00:00:00.000Z,2289,1614,3839,1.548923039,1210,230,0,0,785
P0012T,2022-02-19T00:00:00.000Z,1983,1614,2276,0.912794281,1333,107,0,0,436
P0012T,2022-02-20T00:00:00.000Z,2418,1614,6087,1.879709993,1208,208,10,14,996
P0012T,2022-03-06T00:00:00.000Z,2384,1614,8556,3.455693747,1187,225,19,9,1022
P0012T,2022-03-28T00:00:00.000Z,3293,1614,14775,5.957396303,1439,1,0,0,3
P0012T,2022-03-29T00:00:00.000Z,1614,1614,9,0.003635021,1440,0,0,0,0
P0012T,2022-03-30T00:00:00.000Z,1926,1614,1759,0.710444752,1360,80,0,0,349
P0012T,2022-04-05T00:00:00.000Z,1931,1614,1627,0.657131104,1340,100,0,0,379
P0012T,2022-08-19T00:00:00.000Z,1686,1609,702,0.283264485,1414,26,0,0,99
P0012T,2024-01-16T00:00:00.000Z,1604,1604,93,0.037512179,1440,0,0,0,0
P0012T,2024-01-17T00:00:00.000Z,3123,1604,3037,1.225375059,962,305,67,12,1770
P0012T,2024-01-18T00:00:00.000Z,3015,1604,6618,2.67042969,734,361,23,6,1606
P0012T,2024-01-19T00:00:00.000Z,2600,1604,5393,2.17601706,758,251,28,8,1155
P0012T,2024-01-20T00:00:00.000Z,2164,1604,3575,1.442519436,811,152,9,1,604
P0012T,2024-01-21T00:00:00.000Z,2111,1604,3476,1.402677115,977,155,0,0,591
P0012T,2024-01-22T00:00:00.000Z,2397,1604,4852,1.923603654,1177,263,0,0,997
P0012T,2024-01-23T00:00:00.000Z,2309,1604,4668,1.883425793,987,228,0,0,826
P0012T,2024-01-24T00:00:00.000Z,2800,1604,8985,3.625439929,767,377,18,0,1531
P0012T,2024-01-25T00:00:00.000Z,2589,1604,7390,2.981556459,493,225,45,7,1157
P0012T,2024-01-26T00:00:00.000Z,2400,1604,4766,1.923274327,1042,270,0,0,962
P0012T,2024-01-27T00:00:00.000Z,2286,1604,5240,2.076187564,1243,197,0,0,800
P0012T,2024-01-28T00:00:00.000Z,2106,1604,3101,1.251236528,892,142,0,0,557
P0012T,2024-01-29T00:00:00.000Z,2655,1604,6967,2.811157837,838,303,12,4,1245
P0012T,2024-01-30T00:00:00.000Z,2640,1604,7105,2.866876192,890,327,0,0,1234
P0012T,2024-01-31T00:00:00.000Z,2506,1604,7327,2.946007813,716,316,0,0,1147
P0012T,2024-02-01T00:00:00.000Z,1715,1604,835,0.336969597,1076,43,0,0,139
P0012T,2024-02-02T00:00:00.000Z,2825,1604,9506,3.8356933,750,428,8,3,1575
P0012T,2024-02-03T00:00:00.000Z,2047,1604,4554,1.83715228,883,114,20,6,585
P0012T,2024-02-07T00:00:00.000Z,2269,1604,6509,2.531279825,1223,188,28,1,852
P0012T,2024-02-08T00:00:00.000Z,2096,1604,2898,1.169526216,761,168,0,0,574
P0012T,2024-02-09T00:00:00.000Z,1673,1604,661,0.265866092,1105,24,0,0,92
P0012T,2024-02-11T00:00:00.000Z,2831,1604,9373,3.743140061,717,372,26,0,1555
P0012T,2024-02-12T00:00:00.000Z,1969,1604,2938,1.185545166,1043,135,0,0,489
P0012T,2024-02-13T00:00:00.000Z,2913,1604,10232,4.113974388,693,348,44,3,1626
P0012T,2024-02-14T00:00:00.000Z,2253,1604,4682,1.889098912,982,229,0,0,807
P0015T,2023-09-28T00:00:00.000Z,1458,1375,937,0.396260837,1397,43,0,0,120
P0015T,2023-09-29T00:00:00.000Z,2069,1375,7180,3.088997752,679,306,0,0,950